member_id,relative_risk_score,predicted_annual_dollar_estimate
1,0.966133,5273.42
2,0.543975,2969.17
3,1.810482,9882.11
4,1.483466,8097.17
5,0.083968,458.32
6,0.163269,891.17
7,0.406399,2218.24
8,0.215794,1177.87
10,0.403368,2201.69
11,1.185948,6473.23
12,1.640367,8953.57
13,0.726407,3964.93
14,2.334848,12744.24
16,0.122165,666.81
18,0.37087,2024.31
19,1.587194,8663.34
20,0.454949,2483.24
21,0.722549,3943.87
22,0.157075,857.36
23,1.205101,6577.77
24,0.353403,1928.97
25,0.140503,766.91
26,0.322739,1761.6
27,0.92677,5058.57
30,0.62245,3397.5
31,4.770997,26041.41
32,0.488479,2666.25
33,0.622215,3396.22
34,0.291123,1589.03
35,0.595493,3250.36
36,1.11284,6074.19
37,0.850353,4641.46
38,0.329276,1797.28
39,0.24886,1358.35
40,1.799327,9821.22
41,1.560574,8518.04
42,1.010073,5513.25
43,0.419925,2292.06
44,0.320367,1748.65
45,0.395799,2160.38
46,0.484162,2642.69
47,1.367113,7462.08
48,0.667614,3644.02
49,2.135459,11655.92
50,0.548006,2991.17
51,1.356076,7401.83
52,0.648426,3539.28
53,0.18487,1009.07
54,1.5614,8522.55
56,0.656813,3585.07
57,0.534793,2919.05
58,1.507361,8227.59
59,0.374665,2045.02
60,1.409037,7690.91
61,0.154877,845.36
62,0.577373,3151.46
63,0.669941,3656.72
64,1.936547,10570.21
66,0.469622,2563.33
67,0.574863,3137.76
68,0.244733,1335.82
69,1.210492,6607.2
70,0.370544,2022.53
71,0.31419,1714.94
72,0.147229,803.61
73,0.217477,1187.05
75,1.170611,6389.52
76,0.321043,1752.34
77,0.476466,2600.68
78,0.663354,3620.77
79,0.849809,4638.49
80,0.299714,1635.92
81,0.637193,3477.97
83,0.429976,2346.93
84,0.538963,2941.81
85,0.383042,2090.75
86,0.828557,4522.49
87,0.497294,2714.37
88,0.452414,2469.4
89,1.05733,5771.2
90,0.56973,3109.74
91,3.427611,18708.84
92,1.274902,6958.76
94,0.366032,1997.9
95,0.092213,503.32
96,0.402688,2197.98
97,0.596597,3256.39
98,0.274141,1496.34
99,1.00601,5491.08
100,0.572558,3125.18
101,0.934822,5102.52
103,0.159871,872.62
104,7.13456,38942.38
105,0.251844,1374.63
106,0.53441,2916.95
107,0.409772,2236.65
108,0.86278,4709.29
109,1.605506,8763.29
110,0.17926,978.45
111,1.285356,7015.82
112,1.183418,6459.42
113,0.591023,3225.96
114,0.107708,587.9
115,0.775583,4233.34
116,0.314762,1718.06
117,1.065978,5818.4
118,0.387536,2115.28
119,1.35427,7391.98
120,0.294879,1609.53
121,0.374946,2046.56
122,1.376762,7514.74
123,0.939855,5129.99
124,1.223177,6676.43
125,1.927754,10522.21
126,0.423608,2312.17
127,6.505046,35506.33
128,0.129156,704.97
129,0.840905,4589.89
130,0.633355,3457.02
131,0.524415,2862.4
132,0.283382,1546.77
133,0.924028,5043.6
135,0.226544,1236.54
136,0.285215,1556.78
137,0.827026,4514.13
138,1.030582,5625.2
139,1.727338,9428.29
141,1.466276,8003.34
142,0.713185,3892.76
143,0.471552,2573.86
144,0.61607,3362.68
145,0.343931,1877.27
146,0.444501,2426.21
147,0.234136,1277.98
149,0.941919,5141.25
150,0.698644,3813.39
151,0.345442,1885.51
152,0.555027,3029.49
153,0.109462,597.48
154,0.141048,769.88
155,1.353876,7389.83
156,4.967571,27114.36
157,0.698194,3810.93
158,1.246796,6805.35
159,1.045239,5705.2
160,0.219201,1196.46
161,0.115193,628.75
162,0.313469,1711.0
163,2.302073,12565.35
164,0.279808,1527.27
165,4.942928,26979.86
166,0.520938,2843.42
167,2.036553,11116.06
168,0.227768,1243.22
169,0.373199,2037.02
170,0.695828,3798.02
171,0.415546,2268.17
172,0.522824,2853.72
173,0.368444,2011.07
174,0.124576,679.97
175,0.284584,1553.34
176,0.355429,1940.03
177,2.873708,15685.49
179,0.374768,2045.59
180,0.702098,3832.24
181,4.839552,26415.6
182,0.50599,2761.83
183,0.123711,675.25
184,1.344658,7339.51
185,0.964609,5265.1
186,0.62736,3424.3
187,1.215771,6636.01
188,0.076731,418.82
189,0.32467,1772.14
190,5.507618,30062.09
191,4.80802,26243.49
192,0.988563,5395.85
193,0.530077,2893.3
194,1.103459,6022.98
195,0.405703,2214.44
196,0.245829,1341.8
197,2.312994,12624.96
198,0.393549,2148.1
199,0.281658,1537.37
200,0.759388,4144.95
201,1.051065,5737.0
202,0.692911,3782.1
203,1.844643,10068.57
204,1.010031,5513.03
205,0.312177,1703.95
206,0.262856,1434.74
207,0.318808,1740.14
208,0.398387,2174.5
209,0.581397,3173.42
210,0.593875,3241.53
211,1.932077,10545.8
212,0.407664,2225.14
213,1.782665,9730.28
214,0.375937,2051.97
215,0.311565,1700.61
216,1.093601,5969.17
217,1.253246,6840.56
218,1.671556,9123.81
219,1.409208,7691.84
220,0.330261,1802.65
221,0.844913,4611.76
222,1.02179,5577.21
223,0.813109,4438.17
224,0.163352,891.62
225,0.457223,2495.65
227,6.310727,34445.68
229,0.203109,1108.62
230,0.20699,1129.81
231,0.270135,1474.47
232,0.489451,2671.56
233,0.278299,1519.03
234,4.022944,21958.33
235,0.313229,1709.69
236,0.248835,1358.21
237,0.092337,504.0
238,0.406055,2216.36
239,0.134173,732.35
240,0.513227,2801.33
241,0.285027,1555.76
242,0.336638,1837.46
243,0.101568,554.39
244,0.34212,1867.38
245,6.225567,33980.85
246,0.207392,1132.0
247,0.239904,1309.46
248,0.987019,5387.42
249,7.947601,43380.18
250,0.63574,3470.04
251,0.337828,1843.96
252,0.462975,2527.05
253,4.226072,23067.06
254,0.184159,1005.19
255,0.554992,3029.3
256,1.220831,6663.63
257,1.055586,5761.68
259,1.124028,6135.25
260,0.175146,955.99
261,0.164163,896.04
262,0.648613,3540.31
263,0.378931,2068.31
264,0.248059,1353.97
265,0.516645,2819.99
266,1.347746,7356.37
267,0.745664,4070.04
269,0.329569,1798.88
270,0.676477,3692.4
271,0.589566,3218.01
272,0.350085,1910.86
273,0.948537,5177.37
275,3.345387,18260.04
276,0.384191,2097.02
277,0.250244,1365.9
278,0.465976,2543.42
279,2.827096,15431.07
280,0.277367,1513.95
281,1.233953,6735.25
282,0.114163,623.13
283,2.576555,14063.54
284,0.918877,5015.48
285,0.33446,1825.57
286,0.41443,2262.07
287,0.851751,4649.09
288,0.916365,5001.77
289,1.035283,5650.86
290,0.552811,3017.39
291,0.363854,1986.01
292,1.688317,9215.3
293,1.551836,8470.35
294,0.098413,537.16
295,0.464021,2532.75
296,0.538754,2940.67
297,0.979527,5346.53
298,0.194208,1060.04
299,0.352416,1923.58
300,0.415811,2269.61
301,6.610204,36080.3
302,0.128885,703.49
303,0.419997,2292.46
304,0.446704,2438.23
305,0.500646,2732.66
306,0.306475,1672.83
307,0.345623,1886.5
308,2.952647,16116.36
309,1.237318,6753.62
310,0.664225,3625.52
311,4.214102,23001.72
312,1.28003,6986.76
315,1.401484,7649.69
317,0.951183,5191.82
318,0.172207,939.95
319,2.171769,11854.11
320,0.487148,2658.99
321,1.046834,5713.91
322,0.559155,3052.02
324,1.76959,9658.91
325,1.340725,7318.05
326,2.276032,12423.21
327,0.098751,539.01
328,0.667986,3646.05
329,0.119684,653.27
330,0.40633,2217.86
331,5.174735,28245.12
332,0.751873,4103.93
333,0.876374,4783.49
334,0.35694,1948.28
335,0.331803,1811.07
336,0.188353,1028.08
338,0.767786,4190.78
339,0.942557,5144.74
340,1.876052,10240.01
341,0.173266,945.73
342,1.038948,5670.86
343,0.495724,2705.8
344,0.292562,1596.88
345,1.416925,7733.96
346,0.244545,1334.8
347,0.377897,2062.66
348,0.508136,2773.55
349,0.193169,1054.37
350,1.332496,7273.13
351,0.824238,4498.92
352,1.482198,8090.24
353,0.645361,3522.56
354,1.037304,5661.89
355,1.115798,6090.33
356,0.235897,1287.59
357,0.95536,5214.62
358,2.247701,12268.57
359,1.756089,9585.22
360,0.573518,3130.42
361,0.740138,4039.87
362,0.946411,5165.77
363,1.191305,6502.47
364,0.300463,1640.01
366,4.076073,22248.32
368,0.109198,596.03
370,1.107457,6044.81
371,0.525107,2866.18
372,1.123298,6131.27
373,0.618272,3374.7
374,2.621665,14309.77
375,1.094186,5972.37
376,1.694379,9248.39
377,0.199667,1089.84
378,0.105893,577.99
379,1.402735,7656.51
380,0.32866,1793.92
381,0.395797,2160.37
382,2.185269,11927.79
383,0.162878,889.03
384,0.23931,1306.22
385,0.21182,1156.17
386,0.446573,2437.52
387,0.618066,3373.58
388,0.944988,5158.01
390,0.298954,1631.77
391,0.115722,631.64
392,0.873202,4766.18
393,0.257212,1403.93
394,0.528836,2886.53
395,0.797145,4351.04
396,0.27716,1512.82
397,1.388026,7576.22
398,0.575735,3142.52
399,1.006673,5494.7
400,0.217041,1184.67
401,0.529974,2892.74
402,1.351494,7376.83
403,1.121565,6121.81
405,0.686431,3746.73
406,0.547357,2987.62
407,0.466498,2546.27
408,0.788695,4304.91
409,0.11042,602.7
410,0.128679,702.36
411,0.294699,1608.55
412,0.093857,512.3
413,0.263929,1440.6
415,0.520087,2838.78
416,0.83703,4568.74
417,4.50434,24585.92
418,1.111043,6064.38
419,1.542035,8416.85
420,2.660829,14523.53
421,0.817959,4464.64
422,0.34925,1906.3
423,0.302799,1652.76
425,0.143167,781.45
426,1.065643,5816.57
427,6.231054,34010.8
428,1.278254,6977.06
429,0.56342,3075.3
430,1.355598,7399.23
431,0.221348,1208.18
432,0.912075,4978.36
433,0.439283,2397.73
434,0.291831,1592.89
435,1.945059,10616.66
436,0.225915,1233.11
437,0.366401,1999.92
438,0.274873,1500.33
439,0.634248,3461.9
441,1.036974,5660.09
442,1.182917,6456.69
443,1.066401,5820.71
444,1.622939,8858.44
445,1.083078,5911.73
446,0.286834,1565.62
447,2.086807,11390.36
450,2.292399,12512.54
451,0.359919,1964.54
452,0.510408,2785.95
453,1.265298,6906.34
454,3.449771,18829.8
455,0.555428,3031.68
456,1.125714,6144.46
457,1.41062,7699.55
458,0.461479,2518.88
459,0.463055,2527.48
460,0.269296,1469.89
461,0.870334,4750.52
462,0.222989,1217.13
463,0.129002,704.13
465,0.219327,1197.15
466,0.180746,986.56
467,0.513475,2802.69
468,2.213041,12079.38
469,4.965629,27103.77
470,0.237617,1296.98
471,1.359033,7417.98
472,0.43735,2387.18
473,0.898082,4901.98
474,0.820157,4476.64
475,0.376018,2052.41
476,0.32552,1776.78
477,1.482274,8090.66
478,0.162838,888.81
479,0.451781,2465.95
480,3.271702,17857.85
481,2.122861,11587.16
482,1.519268,8292.58
483,0.561529,3064.98
484,1.647178,8990.75
485,1.190985,6500.72
486,0.366106,1998.3
487,0.289332,1579.26
488,0.920518,5024.44
489,0.287673,1570.2
490,0.720655,3933.53
491,6.702455,36583.84
492,1.011391,5520.45
493,0.300929,1642.55
494,0.578563,3157.95
495,0.724721,3955.73
496,1.120381,6115.34
497,0.151038,824.41
498,0.389059,2123.59
499,0.211747,1155.77
500,0.530728,2896.86
502,2.912933,15899.59
503,0.389054,2123.57
504,0.248714,1357.55
505,0.109031,595.12
506,0.74874,4086.83
507,5.918946,32307.23
508,0.442628,2415.99
509,0.195356,1066.31
510,1.283578,7006.12
511,0.118977,649.41
512,0.364464,1989.34
513,0.520548,2841.29
514,0.401884,2193.59
515,0.994787,5429.82
516,0.287123,1567.2
518,0.462199,2522.81
521,0.395637,2159.5
522,0.429937,2346.72
523,1.262696,6892.14
524,0.476346,2600.03
525,3.290273,17959.21
526,0.525888,2870.44
527,3.292308,17970.32
528,0.920784,5025.89
529,1.372246,7490.09
530,3.287719,17945.27
531,0.785378,4286.81
532,0.505596,2759.68
533,0.388665,2121.44
534,1.118687,6106.1
535,0.117418,640.9
536,3.87964,21176.14
537,0.204746,1117.56
538,1.645014,8978.94
539,0.14481,790.41
540,0.40958,2235.6
541,0.328999,1795.77
542,0.280507,1531.09
543,0.365991,1997.68
544,1.515997,8274.73
545,1.829678,9986.88
546,0.373711,2039.82
547,0.359031,1959.69
548,1.365079,7450.97
549,1.001299,5465.36
550,2.001813,10926.44
551,0.382821,2089.54
552,0.797806,4354.64
553,0.592446,3233.73
554,4.254457,23221.99
555,0.839725,4583.45
556,0.368774,2012.87
557,0.209133,1141.5
558,0.356116,1943.78
559,0.194995,1064.33
561,1.107856,6046.98
563,0.46126,2517.68
564,0.518296,2829.0
565,2.986427,16300.74
568,0.325081,1774.38
569,0.350996,1915.83
570,0.957191,5224.61
571,0.293049,1599.54
572,1.180912,6445.74
574,0.17259,942.04
575,0.193983,1058.81
576,0.170639,931.4
577,0.919072,5016.55
578,0.842522,4598.71
580,1.829028,9983.34
581,0.095562,521.61
582,0.304403,1661.52
583,0.51838,2829.46
584,0.651442,3555.75
585,0.970218,5295.71
586,7.904694,43145.99
587,0.243148,1327.17
588,0.575953,3143.71
589,0.467373,2551.05
590,0.689494,3763.45
591,0.263379,1437.59
592,2.333078,12734.58
593,3.593124,19612.25
594,0.184373,1006.36
595,0.12263,669.35
596,0.233241,1273.09
597,0.435099,2374.89
598,0.714518,3900.03
599,0.680201,3712.72
600,0.372772,2034.69
601,1.061962,5796.48
602,0.673562,3676.48
603,1.040599,5679.88
604,0.724039,3952.0
605,0.527923,2881.55
606,0.748812,4087.22
607,0.89553,4888.05
608,0.906884,4950.02
609,0.278792,1521.72
610,0.482128,2631.59
611,0.202973,1107.89
612,0.864043,4716.18
613,0.143434,782.9
614,0.782614,4271.72
615,0.190477,1039.68
616,0.233438,1274.17
618,0.775532,4233.06
619,0.330958,1806.46
620,4.15503,22679.3
621,0.258368,1410.24
623,1.769659,9659.28
624,0.446955,2439.6
625,0.817208,4460.55
627,0.832656,4544.86
628,1.856675,10134.24
629,0.180788,986.79
630,0.111753,609.98
631,1.661759,9070.34
632,3.6577,19964.73
633,0.216621,1182.38
634,0.105917,578.12
635,0.507113,2767.96
636,0.266508,1454.67
637,0.134581,734.58
638,0.420404,2294.68
639,0.608412,3320.88
640,0.68723,3751.09
642,1.431907,7815.74
643,5.309013,28978.05
644,0.315804,1723.75
645,0.431319,2354.26
646,0.255837,1396.43
647,1.057242,5770.72
649,0.335427,1830.85
650,0.483011,2636.41
651,1.830403,9990.84
652,0.194449,1061.35
653,1.410695,7699.96
654,0.08961,489.12
655,0.883361,4821.63
656,0.774045,4224.95
658,0.57129,3118.26
659,2.714351,14815.67
661,0.135541,739.82
662,0.488875,2668.41
663,0.28523,1556.87
664,0.333643,1821.11
665,0.457676,2498.12
667,0.159335,869.69
668,1.088119,5939.25
669,0.989875,5403.01
670,0.130019,709.68
671,1.530036,8351.36
672,1.120256,6114.66
673,0.406097,2216.59
674,0.438018,2390.82
675,2.2875,12485.8
676,0.781174,4263.86
677,2.873815,15686.07
678,0.57029,3112.8
679,0.602868,3290.62
680,0.876546,4784.43
681,3.386725,18485.67
682,0.636395,3473.62
683,3.407962,18601.59
684,0.79068,4315.75
685,0.507275,2768.85
686,0.367494,2005.88
687,0.830583,4533.55
689,0.314613,1717.25
690,0.338385,1847.0
691,0.750462,4096.23
693,1.294629,7066.44
694,0.101326,553.06
695,0.394396,2152.72
696,0.399334,2179.68
697,0.130569,712.68
698,0.187227,1021.93
699,0.655538,3578.11
700,0.350883,1915.21
701,1.401146,7647.84
702,0.406698,2219.87
706,0.360329,1966.77
707,0.167389,913.65
708,1.258788,6870.81
709,0.484534,2644.72
710,1.402185,7653.51
711,0.582479,3179.33
712,0.919194,5017.21
713,0.146774,801.13
714,0.32056,1749.71
715,0.357633,1952.06
716,0.296523,1618.51
717,0.145656,795.03
718,1.768293,9651.83
719,0.619145,3379.46
720,0.179512,979.83
721,0.318681,1739.45
722,2.822914,15408.24
723,0.081394,444.27
724,0.097015,529.54
725,0.252773,1379.71
726,2.671711,14582.93
727,0.746356,4073.82
728,1.118279,6103.87
729,0.865812,4725.84
730,0.134109,732.0
731,0.55176,3011.66
732,0.500429,2731.48
734,0.523307,2856.35
735,0.297995,1626.54
736,0.591944,3230.99
738,1.908058,10414.7
739,0.401409,2191.0
740,0.113258,618.19
741,1.420188,7751.77
742,1.788408,9761.62
743,0.221403,1208.48
744,0.086654,472.98
745,0.60754,3316.12
746,1.68121,9176.51
747,5.855365,31960.19
748,0.289557,1580.48
749,0.44086,2406.34
750,0.246552,1345.75
753,0.215339,1175.38
754,2.394849,13071.74
755,7.115072,38836.01
756,1.532522,8364.92
757,0.407666,2225.16
758,1.903212,10388.25
759,1.160732,6335.59
760,0.746737,4075.89
761,6.51559,35563.88
762,1.178928,6434.91
763,1.33948,7311.25
764,2.454428,13396.94
765,1.158254,6322.07
766,0.090523,494.1
767,0.533435,2911.64
768,1.036281,5656.3
769,0.291194,1589.42
770,3.324235,18144.59
771,3.026324,16518.5
772,2.18967,11951.82
773,0.429201,2342.7
774,1.682378,9182.88
775,0.186407,1017.46
776,0.913832,4987.95
777,0.213242,1163.94
778,0.320948,1751.82
781,0.74182,4049.06
782,0.90767,4954.31
783,2.285742,12476.21
784,1.244173,6791.04
785,0.713572,3894.87
786,0.411477,2245.95
787,0.41169,2247.12
788,0.685809,3743.34
789,0.128481,701.28
791,0.415346,2267.07
792,0.104153,568.5
794,0.725711,3961.13
795,0.430224,2348.28
796,1.054794,5757.35
797,2.031117,11086.39
798,2.118588,11563.83
799,1.101457,6012.05
800,1.162989,6347.91
801,0.246545,1345.71
802,0.752294,4106.23
803,0.548057,2991.44
804,1.073783,5861.0
805,1.882055,10272.77
806,0.945111,5158.67
807,1.208706,6597.45
808,0.122521,668.75
809,0.517447,2824.37
810,0.492078,2685.9
811,0.629934,3438.35
812,0.522258,2850.63
813,0.385508,2104.21
814,0.545971,2980.06
815,0.914991,4994.27
816,0.56234,3069.41
817,0.340485,1858.46
818,0.346875,1893.34
819,1.231438,6721.52
820,0.107789,588.34
821,0.413792,2258.59
822,2.164071,11812.09
823,0.41474,2263.76
824,0.146412,799.16
825,0.310509,1694.84
826,0.570021,3111.33
827,0.66283,3617.91
828,0.465122,2538.76
829,1.421557,7759.25
830,0.102515,559.55
831,0.223486,1219.85
832,1.540219,8406.94
833,0.229359,1251.9
834,0.420166,2293.38
835,0.223243,1218.52
836,0.147559,805.42
837,0.582022,3176.84
838,1.130384,6169.95
839,3.563994,19453.26
840,0.402018,2194.33
841,3.505768,19135.44
842,0.334556,1826.1
844,0.638893,3487.25
845,0.369147,2014.91
846,1.085982,5927.59
848,0.474215,2588.39
849,0.175026,955.34
851,1.326268,7239.14
852,0.756805,4130.85
853,3.10716,16959.73
854,0.405048,2210.86
855,1.424542,7775.54
856,0.69894,3815.01
857,0.558321,3047.47
858,1.728845,9436.51
859,0.28697,1566.36
860,1.257094,6861.56
861,0.231721,1264.8
862,0.332132,1812.87
863,1.141156,6228.74
864,1.389251,7582.91
865,0.359481,1962.15
866,0.648355,3538.9
867,0.190098,1037.61
868,0.836829,4567.64
869,0.866179,4727.84
870,1.145685,6253.46
871,1.035027,5649.46
872,0.814107,4443.62
874,0.320736,1750.67
875,0.118982,649.44
876,0.081321,443.87
877,0.425991,2325.17
878,0.451716,2465.59
879,0.513585,2803.29
880,0.428831,2340.68
881,0.322988,1762.96
882,1.425238,7779.34
883,0.568126,3100.99
884,0.203579,1111.19
885,0.316446,1727.25
887,1.228194,6703.82
888,0.560486,3059.29
889,0.086973,474.72
890,0.271225,1480.42
891,0.444471,2426.04
892,0.21325,1163.98
893,0.167539,914.48
894,1.134892,6194.55
895,0.798366,4357.7
896,1.138404,6213.72
897,0.434496,2371.6
898,0.526041,2871.27
899,0.787933,4300.76
900,0.093501,510.35
901,0.583543,3185.14
902,0.803751,4387.09
903,0.547598,2988.94
905,0.366985,2003.1
906,6.610195,36080.26
907,0.475037,2592.88
908,0.155594,849.27
909,0.606618,3311.09
910,0.36502,1992.38
912,0.526952,2876.25
914,0.223334,1219.02
915,1.817543,9920.65
916,1.175469,6416.03
917,1.514296,8265.44
918,0.952283,5197.82
919,1.097026,5987.87
921,0.809135,4416.48
922,0.387572,2115.48
923,0.777589,4244.29
924,0.380123,2074.81
925,0.428293,2337.74
926,7.538306,41146.14
927,0.479328,2616.31
928,1.16984,6385.31
929,0.617945,3372.91
930,0.344732,1881.64
932,1.166892,6369.22
936,0.474222,2588.43
937,0.133219,727.14
938,0.48703,2658.35
939,2.084374,11377.09
940,0.870797,4753.05
941,0.490472,2677.13
942,0.910948,4972.2
943,1.065357,5815.01
944,2.278909,12438.91
945,0.748952,4087.99
946,1.421114,7756.83
947,0.7437,4059.32
948,0.105497,575.83
950,0.1043,569.3
952,1.005215,5486.74
954,0.137485,750.43
955,0.331032,1806.86
956,1.12718,6152.46
957,0.481761,2629.58
958,5.16513,28192.69
959,1.218951,6653.37
960,0.927725,5063.78
961,0.778972,4251.84
963,0.294838,1609.31
965,0.571559,3119.73
966,0.198131,1081.45
967,0.884128,4825.81
968,0.204114,1114.11
969,2.62152,14308.98
970,0.735436,4014.21
971,1.482142,8089.94
972,0.450693,2460.0
973,1.025959,5599.97
974,0.323583,1766.21
976,0.184444,1006.75
977,0.913625,4986.81
978,0.569417,3108.03
979,0.414023,2259.85
980,1.414597,7721.26
981,2.706871,14774.85
982,0.316907,1729.77
983,0.397161,2167.81
984,2.09209,11419.2
985,0.370391,2021.7
987,0.14017,765.09
988,1.085576,5925.37
989,0.656565,3583.71
990,0.439113,2396.8
991,0.806101,4399.92
992,1.53374,8371.57
993,1.790393,9772.46
994,2.273293,12408.26
995,0.799477,4363.77
997,0.868047,4738.04
998,0.610429,3331.89
999,1.207322,6589.89
1000,0.666879,3640.01
1001,0.465759,2542.24
1002,0.337805,1843.83
1003,0.811866,4431.38
1004,0.365257,1993.68
1005,0.607455,3315.65
1006,1.28118,6993.03
1007,0.317253,1731.65
1008,0.30471,1663.19
1009,0.332689,1815.91
1010,1.456649,7950.79
1011,0.573033,3127.77
1012,1.076252,5874.48
1013,0.304534,1662.23
1014,0.161739,882.81
1015,0.380183,2075.14
1016,0.16162,882.17
1017,0.483659,2639.95
1018,0.377434,2060.14
1019,0.51763,2825.37
1020,0.969904,5294.0
1021,0.348126,1900.17
1022,1.488623,8125.31
1023,2.151977,11746.08
1024,1.154458,6301.35
1025,0.130681,713.29
1026,0.217228,1185.69
1027,0.146644,800.42
1028,0.353665,1930.4
1029,1.093097,5966.43
1030,1.904405,10394.76
1031,1.506915,8225.15
1032,4.042663,22065.96
1033,0.480649,2623.51
1034,1.628413,8888.32
1035,0.704534,3845.54
1036,0.707025,3859.13
1037,1.972049,10763.99
1038,0.37333,2037.74
1039,0.614724,3355.33
1040,0.800217,4367.81
1042,2.967305,16196.36
1043,0.301957,1648.16
1044,0.66003,3602.62
1045,0.105796,577.46
1046,0.375317,2048.58
1047,0.711361,3882.8
1048,1.880188,10262.58
1049,0.630568,3441.81
1050,1.326834,7242.22
1051,0.2777,1515.76
1053,0.66212,3614.03
1054,7.877936,42999.93
1055,0.133207,727.08
1056,0.762841,4163.8
1058,0.612364,3342.45
1059,0.647941,3536.64
1060,0.454258,2479.46
1061,0.748325,4084.56
1062,2.47191,13492.36
1063,0.788089,4301.6
1065,0.473213,2582.93
1066,0.67079,3661.36
1067,0.379646,2072.21
1068,0.997467,5444.45
1069,2.652341,14477.2
1070,1.914937,10452.25
1071,0.865688,4725.16
1072,0.087742,478.92
1073,0.840121,4585.61
1074,0.314685,1717.64
1075,0.621912,3394.57
1076,0.309769,1690.8
1077,2.777221,15158.83
1078,3.139561,17136.59
1079,0.631534,3447.09
1080,1.020012,5567.5
1081,0.857,4677.74
1082,0.663341,3620.7
1083,0.871768,4758.35
1084,1.047342,5716.68
1085,0.715864,3907.38
1086,0.672258,3669.37
1087,0.097009,529.5
1088,0.092108,502.75
1089,0.96258,5254.02
1091,0.584284,3189.18
1092,0.254877,1391.19
1093,2.064438,11268.27
1094,0.4642,2533.73
1095,0.541106,2953.5
1096,0.859478,4691.27
1097,2.042624,11149.2
1098,2.887582,15761.21
1099,1.874062,10229.14
1100,1.544433,8429.94
1101,2.193036,11970.19
1102,0.776614,4238.97
1103,1.253905,6844.16
1104,1.070042,5840.58
1105,0.154618,843.95
1106,0.370219,2020.75
1107,0.366458,2000.23
1108,0.11172,609.8
1109,0.901071,4918.29
1110,2.477204,13521.26
1111,3.547058,19360.82
1112,1.049125,5726.41
1113,0.394629,2153.99
1114,0.597488,3261.25
1115,0.831857,4540.5
1116,0.364979,1992.15
1117,1.39705,7625.48
1118,0.176722,964.6
1119,0.209003,1140.8
1120,0.266494,1454.6
1121,0.903007,4928.86
1122,0.501322,2736.35
1124,0.461028,2516.42
1125,0.420586,2295.67
1126,0.891493,4866.01
1127,1.654753,9032.1
1128,0.478686,2612.8
1129,0.347827,1898.53
1130,0.17364,947.77
1131,0.314137,1714.65
1132,0.142692,778.85
1133,0.377318,2059.51
1134,0.692251,3778.5
1135,0.23243,1268.67
1137,0.800272,4368.11
1138,0.962138,5251.61
1139,1.371063,7483.64
1140,0.980651,5352.66
1141,1.031257,5628.88
1142,0.099433,542.73
1143,0.098886,539.75
1145,1.112945,6074.76
1146,1.239346,6764.69
1147,2.219195,12112.97
1148,0.364657,1990.4
1149,3.927514,21437.45
1150,2.030176,11081.26
1151,0.913477,4986.01
1154,0.435794,2378.68
1155,2.249907,12280.61
1156,0.704136,3843.37
1157,0.971181,5300.97
1158,2.612541,14259.97
1159,0.114122,622.91
1160,0.21873,1193.89
1161,0.273875,1494.88
1162,0.612249,3341.82
1164,0.160615,876.68
1165,0.316564,1727.89
1166,0.516814,2820.91
1167,2.766039,15097.8
1168,2.658631,14511.54
1169,0.226266,1235.02
1170,0.82252,4489.54
1171,0.35669,1946.91
1172,0.117956,643.83
1173,0.86466,4719.55
1174,0.28068,1532.03
1175,4.603976,25129.76
1176,0.249235,1360.39
1177,1.023164,5584.71
1178,2.057502,11230.41
1179,0.659456,3599.49
1180,0.800961,4371.86
1181,0.107547,587.02
1183,0.313019,1708.54
1184,4.837076,26402.09
1185,0.88368,4823.37
1186,0.224478,1225.26
1187,0.66011,3603.06
1188,1.258619,6869.89
1189,0.605419,3304.54
1190,0.296171,1616.58
1191,1.393607,7606.69
1192,1.201613,6558.73
1194,1.142495,6236.05
1195,2.721524,14854.82
1196,5.805242,31686.61
1197,0.198671,1084.4
1199,1.175406,6415.69
1200,0.204745,1117.56
1201,0.229134,1250.68
1202,0.619337,3380.51
1203,1.080999,5900.39
1204,1.251741,6832.35
1205,0.122508,668.68
1206,0.395135,2156.76
1207,0.647553,3534.52
1208,0.327267,1786.31
1209,1.486819,8115.46
1211,1.455617,7945.16
1212,0.398588,2175.6
1213,0.566345,3091.27
1214,0.324877,1773.27
1215,0.107924,589.08
1217,0.092443,504.58
1218,0.231482,1263.49
1219,0.899959,4912.22
1220,3.648971,19917.08
1221,0.907637,4954.13
1222,0.817193,4460.47
1223,1.088775,5942.83
1224,0.777176,4242.04
1226,0.716233,3909.4
1227,0.217217,1185.63
1229,0.780377,4259.51
1230,0.542906,2963.33
1231,0.216004,1179.01
1232,0.345243,1884.43
1233,0.224651,1226.21
1234,0.67804,3700.93
1235,1.01323,5530.49
1236,0.897282,4897.61
1237,1.101756,6013.68
1238,1.502016,8198.42
1239,1.047357,5716.76
1241,2.511083,13706.18
1242,0.292405,1596.03
1243,3.662864,19992.92
1244,0.202374,1104.61
1245,0.759741,4146.88
1246,0.750086,4094.18
1247,0.454281,2479.59
1248,0.157049,857.22
1249,0.404562,2208.21
1250,0.119262,650.96
1251,0.801945,4377.23
1252,5.456834,29784.9
1253,0.274412,1497.81
1254,1.256717,6859.5
1255,0.411944,2248.5
1256,0.273213,1491.27
1257,1.517617,8283.57
1258,1.080124,5895.61
1259,0.929916,5075.74
1260,0.19966,1089.8
1261,2.143853,11701.74
1262,0.830528,4533.25
1263,3.348349,18276.21
1264,0.65075,3551.97
1265,1.438383,7851.09
1266,0.590387,3222.49
1267,0.103003,562.22
1268,0.981866,5359.29
1269,1.135282,6196.68
1270,0.759863,4147.54
1272,2.796279,15262.86
1273,0.287549,1569.52
1275,0.103399,564.38
1276,0.466309,2545.24
1277,0.704835,3847.18
1278,1.29308,7057.99
1279,0.876241,4782.76
1280,0.513406,2802.31
1281,1.309682,7148.6
1283,0.136318,744.06
1284,1.223451,6677.93
1285,0.414192,2260.77
1286,1.330363,7261.49
1287,0.160037,873.53
1288,0.310231,1693.33
1289,5.299722,28927.34
1290,2.581292,14089.4
1292,0.326411,1781.64
1293,0.595148,3248.48
1295,0.45721,2495.58
1296,1.620051,8842.69
1297,0.342673,1870.4
1299,0.132379,722.56
1300,0.64778,3535.76
1301,0.739869,4038.41
1302,0.110246,601.75
1303,1.140154,6223.27
1304,2.315655,12639.48
1305,1.664121,9083.23
1306,0.097599,532.72
1307,0.423321,2310.6
1308,1.105138,6032.15
1309,0.109375,597.0
1310,0.249162,1359.99
1312,2.482354,13549.37
1313,0.348,1899.48
1314,1.423725,7771.08
1315,1.200991,6555.34
1316,6.345037,34632.95
1317,0.513402,2802.29
1318,1.695708,9255.64
1319,0.164136,895.9
1321,0.114756,626.37
1322,0.160589,876.54
1323,0.514049,2805.82
1324,0.154959,845.81
1325,2.18474,11924.91
1326,5.878416,32086.01
1327,1.961249,10705.03
1328,0.12747,695.77
1329,0.381984,2084.97
1330,0.836674,4566.79
1331,0.180387,984.6
1332,0.38055,2077.15
1333,0.975906,5326.76
1334,0.897744,4900.13
1335,0.740891,4043.99
1336,2.462347,13440.16
1337,1.351375,7376.18
1338,1.249698,6821.2
1339,2.402435,13113.15
1340,0.299514,1634.83
1341,0.100287,547.4
1342,1.097637,5991.21
1343,1.750133,9552.7
1344,0.20437,1115.51
1346,1.862358,10165.26
1347,0.591083,3226.3
1348,0.437012,2385.33
1349,2.393212,13062.81
1350,0.250868,1369.3
1351,0.506365,2763.88
1352,0.952174,5197.22
1353,0.114188,623.27
1354,0.323188,1764.05
1355,2.75337,15028.65
1356,0.429172,2342.54
1357,0.185991,1015.19
1358,0.584707,3191.49
1359,0.192188,1049.01
1360,0.578698,3158.69
1361,0.572436,3124.51
1362,0.542749,2962.47
1363,0.234573,1280.36
1364,0.842777,4600.11
1365,0.387586,2115.55
1366,1.03967,5674.81
1367,0.204295,1115.1
1368,5.526641,30165.92
1369,2.821868,15402.53
1370,4.218855,23027.67
1371,0.195868,1069.1
1372,0.454779,2482.31
1373,0.661091,3608.42
1374,0.303042,1654.08
1376,0.85942,4690.95
1377,0.830297,4531.99
1378,0.377255,2059.16
1379,0.846018,4617.8
1380,1.919652,10477.99
1381,3.283718,17923.43
1382,0.072122,393.66
1383,0.771511,4211.12
1384,0.421957,2303.16
1385,0.330324,1803.0
1386,0.595637,3251.15
1387,2.732521,14914.85
1389,0.28079,1532.63
1390,0.417536,2279.03
1391,0.233118,1272.42
1392,0.930522,5079.04
1393,0.112919,616.34
1394,0.753007,4110.12
1395,0.086651,472.97
1396,6.209003,33890.44
1399,0.356639,1946.63
1400,0.201073,1097.51
1401,1.145098,6250.26
1403,0.210366,1148.24
1404,0.330389,1803.36
1405,0.37613,2053.02
1406,0.657375,3588.13
1407,0.278394,1519.55
1408,0.9199,5021.07
1409,0.279992,1528.27
1410,1.177116,6425.02
1411,0.327022,1784.98
1412,5.592577,30525.82
1413,0.266154,1452.74
1414,1.880788,10265.86
1415,1.574694,8595.11
1417,5.562653,30362.49
1418,1.161473,6339.64
1419,1.569784,8568.31
1420,0.668902,3651.05
1422,0.290922,1587.93
1424,3.025294,16512.88
1425,0.876232,4782.71
1426,0.235463,1285.22
1427,1.214839,6630.93
1428,1.357427,7409.21
1429,1.980975,10812.7
1430,1.242203,6780.28
1431,0.207638,1133.34
1432,0.870136,4749.44
1433,0.342021,1866.85
1434,0.197767,1079.47
1435,0.243358,1328.31
1436,0.419858,2291.7
1437,0.391266,2135.63
1438,0.113731,620.77
1439,0.178798,975.93
1440,4.096683,22360.82
1441,0.298626,1629.98
1442,0.17686,965.35
1443,0.197398,1077.45
1444,0.803417,4385.27
1445,2.466377,13462.16
1446,1.344894,7340.8
1447,1.712551,9347.57
1448,2.703361,14755.69
1449,0.756505,4129.21
1450,0.322698,1761.37
1451,0.267462,1459.88
1452,1.042571,5690.64
1453,1.640699,8955.39
1454,0.398931,2177.47
1455,2.9539,16123.2
1456,1.121564,6121.81
1457,3.98787,21766.89
1458,0.450173,2457.17
1459,1.658548,9052.81
1460,2.864465,15635.04
1461,2.992863,16335.87
1462,0.181421,990.24
1463,0.269411,1470.52
1464,0.868201,4738.88
1465,0.65741,3588.32
1466,2.368527,12928.07
1467,0.322296,1759.18
1468,0.206277,1125.92
1469,0.248433,1356.01
1470,0.106981,583.93
1471,1.098928,5998.25
1472,1.044402,5700.63
1473,0.490555,2677.58
1474,0.155204,847.15
1475,0.800543,4369.59
1476,0.663246,3620.18
1477,1.508277,8232.59
1478,0.095068,518.91
1479,0.433274,2364.93
1480,2.874688,15690.84
1481,1.154372,6300.88
1482,0.796691,4348.56
1483,1.052259,5743.52
1484,0.887219,4842.68
1485,2.209678,12061.03
1486,0.529568,2890.53
1487,1.695359,9253.74
1488,0.271896,1484.09
1489,1.039744,5675.21
1490,0.405644,2214.12
1491,0.169143,923.23
1492,0.375453,2049.32
1493,0.27914,1523.62
1494,0.332034,1812.33
1495,0.589055,3215.22
1497,1.005605,5488.87
1498,0.499151,2724.5
1499,1.436054,7838.38
1500,0.118638,647.56
1501,0.515693,2814.79
1502,0.170612,931.25
1504,0.601321,3282.18
1505,0.510181,2784.71
1506,0.857045,4677.99
1507,0.129869,708.86
1509,3.922102,21407.91
1510,0.545256,2976.16
1511,0.79348,4331.03
1512,0.566426,3091.71
1513,1.136691,6204.37
1514,0.12976,708.26
1515,0.178299,973.2
1516,0.239723,1308.47
1517,0.3354,1830.71
1518,2.875824,15697.03
1519,0.540214,2948.64
1520,0.094244,514.41
1521,0.087316,476.59
1522,0.117906,643.56
1523,0.31548,1721.98
1524,0.450148,2457.03
1525,0.352082,1921.76
1526,2.339656,12770.48
1527,1.349809,7367.63
1528,0.36398,1986.71
1529,0.117001,638.63
1530,1.186793,6477.84
1531,1.098374,5995.23
1532,0.377436,2060.15
1533,1.504739,8213.28
1534,0.181106,988.53
1535,5.246347,28636.0
1537,1.394679,7612.54
1538,0.080635,440.13
1540,1.414827,7722.51
1541,0.38314,2091.28
1542,1.113777,6079.3
1543,0.725207,3958.38
1544,0.356843,1947.75
1545,2.18377,11919.62
1546,1.501397,8195.04
1547,0.266938,1457.02
1548,0.273191,1491.15
1549,0.851796,4649.34
1550,0.890972,4863.17
1551,0.317718,1734.19
1552,0.379533,2071.6
1553,0.848348,4630.52
1554,0.151104,824.77
1555,0.443371,2420.04
1556,0.517109,2822.52
1557,0.16476,899.31
1558,2.334773,12743.83
1559,1.251535,6831.22
1560,0.293474,1601.86
1561,0.720272,3931.44
1562,1.139221,6218.18
1563,0.390645,2132.25
1565,0.439878,2400.98
1566,0.191207,1043.66
1567,0.107932,589.12
1568,0.451139,2462.44
1569,1.636102,8930.3
1570,0.208157,1136.18
1571,0.411301,2244.99
1572,0.234184,1278.24
1573,0.598278,3265.57
1574,0.904955,4939.49
1575,0.216063,1179.33
1576,0.135674,740.54
1577,0.48011,2620.57
1579,0.084511,461.29
1580,1.191484,6503.45
1581,1.631795,8906.79
1582,0.949405,5182.11
1584,0.11245,613.78
1585,1.148748,6270.18
1586,0.314924,1718.94
1587,0.109706,598.8
1588,1.616762,8824.73
1589,0.347705,1897.87
1590,0.46649,2546.23
1591,0.170761,932.06
1592,0.302699,1652.21
1593,1.067503,5826.73
1594,0.304812,1663.75
1595,0.51483,2810.08
1597,0.88902,4852.52
1598,0.223331,1219.0
1599,0.947083,5169.44
1600,0.470893,2570.26
1601,1.015463,5542.67
1602,2.548857,13912.36
1603,3.20916,17516.48
1604,0.454527,2480.93
1605,0.483959,2641.58
1606,2.366774,12918.5
1607,0.570515,3114.03
1608,0.848277,4630.13
1609,1.38294,7548.47
1610,0.482789,2635.19
1611,1.005222,5486.78
1612,0.514387,2807.66
1613,0.50536,2758.39
1614,0.91264,4981.44
1615,0.284788,1554.45
1616,1.150809,6281.43
1617,7.616193,41571.27
1618,0.281456,1536.27
1619,0.571652,3120.23
1620,0.363673,1985.03
1621,1.9616,10706.95
1622,0.681537,3720.02
1623,0.828867,4524.18
1624,1.796852,9807.71
1625,0.720814,3934.4
1626,4.863534,26546.5
1627,0.097765,533.63
1628,1.072775,5855.5
1629,2.174464,11868.82
1630,3.493735,19069.76
1631,0.115763,631.87
1632,0.60358,3294.5
1633,0.390354,2130.66
1634,1.037956,5665.45
1635,0.774485,4227.35
1636,0.885603,4833.86
1637,0.081916,447.12
1638,1.946452,10624.27
1639,0.831034,4536.01
1640,0.497051,2713.04
1642,1.974622,10778.03
1643,0.094872,517.84
1644,1.320478,7207.53
1645,0.453768,2476.79
1646,0.570254,3112.6
1648,1.745154,9525.53
1649,0.366373,1999.76
1650,0.399408,2180.08
1651,0.430072,2347.45
1652,1.940856,10593.72
1653,1.233673,6733.72
1654,0.478187,2610.07
1655,0.53156,2901.4
1656,0.123514,674.17
1657,0.973186,5311.92
1658,0.122064,666.26
1659,0.558206,3046.84
1660,1.132297,6180.39
1661,7.237011,39501.59
1662,0.324287,1770.04
1663,0.342997,1872.17
1664,2.065642,11274.84
1665,2.756421,15045.3
1666,0.111549,608.86
1667,0.827557,4517.03
1668,0.35192,1920.88
1669,0.642075,3504.62
1670,0.927516,5062.63
1671,0.251095,1370.55
1672,0.158892,867.27
1673,0.884484,4827.76
1674,0.720991,3935.37
1675,0.452681,2470.86
1676,0.136891,747.19
1677,0.343958,1877.42
1680,0.810156,4422.05
1681,0.217283,1185.99
1682,0.50105,2734.87
1683,0.541618,2956.3
1684,1.350766,7372.85
1685,0.126921,692.77
1687,0.404514,2207.95
1688,1.37404,7499.89
1689,0.638758,3486.51
1690,1.574595,8594.57
1691,0.821096,4481.76
1693,0.111685,609.61
1694,0.665567,3632.85
1695,0.282332,1541.04
1696,0.988872,5397.53
1697,0.48459,2645.03
1698,6.611581,36087.82
1699,0.10765,587.58
1700,0.954299,5208.82
1701,0.350145,1911.19
1702,0.456233,2490.24
1703,0.76081,4152.71
1704,0.173684,948.01
1705,0.753152,4110.91
1706,3.324311,18145.0
1708,0.790306,4313.71
1710,0.371185,2026.03
1711,0.170965,933.17
1712,0.085843,468.55
1713,1.574994,8596.75
1714,0.44526,2430.35
1715,0.149166,814.19
1716,0.395862,2160.72
1717,0.293871,1604.03
1718,0.700801,3825.17
1719,2.17296,11860.61
1720,0.080746,440.74
1721,0.999732,5456.81
1722,0.211729,1155.67
1723,0.351153,1916.69
1724,3.584442,19564.87
1725,1.010983,5518.22
1726,0.97906,5343.98
1727,0.15671,855.37
1728,0.759756,4146.96
1729,0.385857,2106.12
1730,0.839717,4583.4
1731,0.407869,2226.26
1732,0.707839,3863.58
1733,1.126918,6151.03
1734,0.208232,1136.59
1735,0.748866,4087.52
1736,0.34307,1872.57
1737,0.364888,1991.66
1738,0.35138,1917.93
1739,0.261093,1425.11
1740,1.406807,7678.74
1741,0.483176,2637.31
1742,2.206432,12043.31
1743,0.284795,1554.49
1744,0.318652,1739.29
1746,0.331101,1807.24
1747,0.220236,1202.11
1748,0.524966,2865.41
1749,0.348538,1902.42
1750,1.379587,7530.17
1751,0.203703,1111.87
1752,0.293417,1601.55
1753,0.360903,1969.91
1754,0.472786,2580.59
1755,1.40213,7653.21
1756,1.144624,6247.67
1757,1.967397,10738.59
1758,7.259504,39624.36
1759,0.313934,1713.54
1760,0.207786,1134.16
1761,0.436072,2380.2
1762,0.357332,1950.42
1763,0.324564,1771.56
1764,0.22258,1214.9
1765,0.515804,2815.4
1766,0.622929,3400.12
1767,0.20571,1122.82
1768,0.913428,4985.74
1769,0.298642,1630.07
1770,5.659801,30892.74
1772,0.625337,3413.26
1773,0.214624,1171.48
1774,7.890581,43068.95
1775,4.647806,25369.0
1776,0.7341,4006.92
1777,0.135507,739.64
1778,0.298453,1629.04
1779,0.162146,885.04
1780,0.71201,3886.35
1781,1.541124,8411.88
1783,0.083495,455.74
1784,0.369728,2018.08
1785,1.706933,9316.91
1786,2.892774,15789.55
1787,1.520366,8298.57
1788,0.110012,600.48
1789,1.697486,9265.34
1790,1.43292,7821.27
1791,0.118439,646.47
1792,0.835441,4560.06
1793,0.218706,1193.76
1794,0.429042,2341.83
1795,0.110328,602.2
1796,0.365415,1994.54
1797,0.355618,1941.06
1798,0.341395,1863.43
1799,0.733982,4006.28
1801,0.566224,3090.6
1802,0.482029,2631.05
1803,0.303823,1658.35
1805,0.481539,2628.37
1806,0.085188,464.98
1807,0.931344,5083.53
1808,0.535641,2923.67
1809,0.728108,3974.21
1810,0.505794,2760.76
1812,0.104896,572.55
1813,0.545833,2979.31
1814,1.044356,5700.38
1815,0.733961,4006.16
1816,0.217427,1186.78
1817,1.729792,9441.68
1819,3.010979,16434.75
1820,1.165009,6358.94
1821,0.148759,811.96
1822,0.571383,3118.77
1823,2.234937,12198.9
1824,1.812271,9891.87
1825,0.096722,527.93
1826,4.225355,23063.15
1827,0.728396,3975.78
1828,3.311721,18076.28
1829,0.118065,644.43
1830,0.456536,2491.9
1834,0.256938,1402.44
1835,0.982243,5361.35
1836,0.214637,1171.55
1837,0.841182,4591.4
1838,0.473082,2582.21
1839,2.86356,15630.1
1841,0.127473,695.78
1842,0.319376,1743.24
1843,1.476937,8061.53
1844,0.264494,1443.68
1846,0.107048,584.3
1847,1.301818,7105.68
1849,0.241052,1315.73
1850,0.999945,5457.97
1851,0.865416,4723.68
1852,0.918651,5014.25
1853,0.558731,3049.7
1854,1.249413,6819.64
1856,0.298629,1630.0
1857,0.303184,1654.86
1858,0.936158,5109.81
1859,0.664815,3628.74
1860,0.512511,2797.43
1861,0.781722,4266.85
1862,0.250491,1367.25
1863,1.148503,6268.84
1864,0.913791,4987.72
1865,0.670399,3659.22
1866,0.354642,1935.73
1867,0.337317,1841.17
1868,2.265251,12364.36
1869,1.588111,8668.34
1870,0.767486,4189.15
1871,2.053155,11206.68
1872,0.869792,4747.56
1873,0.270986,1479.12
1874,0.174502,952.48
1875,0.276307,1508.16
1876,0.221608,1209.6
1877,0.376378,2054.38
1878,2.959097,16151.56
1879,1.251144,6829.09
1880,0.181683,991.68
1881,1.010758,5516.99
1882,4.594945,25080.47
1883,0.312444,1705.4
1884,0.742423,4052.35
1885,0.096794,528.33
1886,0.775982,4235.52
1887,0.190213,1038.24
1888,0.835627,4561.08
1889,0.091237,498.0
1891,1.390909,7591.96
1892,0.291871,1593.11
1893,0.195176,1065.32
1894,0.120375,657.04
1895,0.854277,4662.88
1896,0.213425,1164.93
1897,0.134749,735.5
1898,1.239918,6767.81
1899,0.454215,2479.23
1900,0.272161,1485.53
1901,0.180267,983.95
1903,1.165718,6362.81
1904,0.807718,4408.75
1905,0.795169,4340.25
1906,0.513906,2805.04
1907,0.394623,2153.96
1908,0.530084,2893.35
1909,0.379748,2072.77
1910,0.612506,3343.22
1911,0.563899,3077.91
1912,2.640363,14411.82
1913,0.83335,4548.65
1914,0.089189,486.82
1915,0.569794,3110.09
1916,0.088723,484.28
1917,0.194836,1063.47
1918,1.29417,7063.94
1919,0.391378,2136.25
1920,0.421666,2301.57
1921,0.290925,1587.95
1922,4.606234,25142.09
1923,0.119762,653.69
1927,0.546221,2981.42
1928,0.380629,2077.58
1929,1.177315,6426.11
1930,1.72622,9422.18
1931,0.090647,494.77
1932,0.509635,2781.73
1933,0.323519,1765.86
1934,2.744059,14977.83
1935,0.256073,1397.72
1936,1.68778,9212.37
1937,0.587415,3206.27
1939,0.374116,2042.03
1940,0.499752,2727.78
1941,0.115497,630.41
1943,0.240721,1313.92
1944,0.100722,549.77
1946,0.089358,487.74
1947,0.620993,3389.55
1948,0.2473,1349.83
1949,0.40203,2194.39
1950,6.802328,37128.97
1951,0.378265,2064.68
1952,4.367614,23839.63
1953,0.148295,809.44
1954,0.588991,3214.87
1955,0.814871,4447.79
1956,0.162005,884.27
1957,0.77966,4255.6
1958,0.610588,3332.76
1959,0.390602,2132.01
1960,0.396663,2165.09
1961,0.687837,3754.4
1962,0.319186,1742.21
1963,0.820698,4479.59
1964,0.661804,3612.31
1965,0.675773,3688.55
1966,0.637336,3478.75
1967,0.290668,1586.54
1968,0.422742,2307.44
1969,0.464667,2536.28
1970,1.512435,8255.28
1971,1.035956,5654.53
1972,1.008716,5505.85
1973,0.614892,3356.25
1974,7.723569,42157.36
1975,0.346398,1890.74
1977,0.235276,1284.2
1978,0.293535,1602.2
1979,1.705992,9311.77
1980,0.788183,4302.12
1982,0.213266,1164.06
1983,0.569184,3106.76
1984,0.36191,1975.41
1985,0.421985,2303.31
1986,0.49159,2683.23
1987,0.716012,3908.19
1988,0.50157,2737.71
1989,0.398553,2175.41
1990,0.127265,694.65
1991,0.451847,2466.31
1992,0.545562,2977.83
1993,1.639267,8947.57
1994,0.855728,4670.8
1995,0.933469,5095.13
1996,0.539874,2946.78
1997,2.203761,12028.73
1998,0.803329,4384.79
1999,0.96455,5264.78
2000,2.017925,11014.39
